,Protein_pair,Spearman_r,Pvalue,pcorr,FDR<0.05
0,YJL071W_YMR116C,0.19047619047619047,0.6514014957024814,0.8093508847181836,False
1,YMR062C_YMR116C,-0.35,0.35581957250178897,0.6812134673006426,False
2,YER069W_YMR116C,-0.049999999999999996,0.8983528043506301,0.891305845226682,False
3,YOL140W_YMR116C,-0.33333333333333337,0.3807131816768634,0.6812134673006426,False
4,YJR109C_YMR116C,-0.45,0.22421610749233659,0.6812134673006426,False
5,YOR303W_YMR116C,0.8833333333333333,0.0015905004234978686,0.016470625948085117,True
6,YJL088W_YMR116C,0.33333333333333337,0.3807131816768634,0.6812134673006426,False
7,YOL058W_YMR116C,-0.25,0.5164895523012263,0.796807764625607,False
8,YHR018C_YMR116C,0.09999999999999999,0.797971695234851,0.8619030650812417,False
9,YJL071W_YDR060W,0.6428571428571429,0.08555889101267318,0.6257856268909467,False
10,YMR062C_YDR060W,-0.03333333333333333,0.9321567355405039,0.9160679093221002,False
11,YER069W_YDR060W,0.38333333333333336,0.30849527238037144,0.6812134673006426,False
12,YOL140W_YDR060W,0.18333333333333335,0.6368198117628943,0.8093508847181836,False
13,YJR109C_YDR060W,-0.016666666666666666,0.9660548039946861,0.9178074568456397,False
14,YOR303W_YDR060W,0.4666666666666666,0.20538635110581185,0.6812134673006426,False
15,YJL088W_YDR060W,0.8333333333333333,0.005265691029161748,0.051321902742459416,False
16,YOL058W_YDR060W,0.18333333333333335,0.6368198117628943,0.8093508847181836,False
17,YHR018C_YDR060W,0.31666666666666665,0.4063970144863861,0.7194008689129201,False
18,YJL071W_YLR075W,0.19047619047619047,0.6514014957024814,0.8093508847181836,False
19,YMR062C_YLR075W,-0.35,0.35581957250178897,0.6812134673006426,False
20,YER069W_YLR075W,-0.049999999999999996,0.8983528043506301,0.891305845226682,False
21,YOL140W_YLR075W,-0.33333333333333337,0.3807131816768634,0.6812134673006426,False
22,YJR109C_YLR075W,-0.45,0.22421610749233659,0.6812134673006426,False
23,YOR303W_YLR075W,0.8833333333333333,0.0015905004234978686,0.016470625948085117,True
24,YJL088W_YLR075W,0.33333333333333337,0.3807131816768634,0.6812134673006426,False
25,YOL058W_YLR075W,-0.25,0.5164895523012263,0.796807764625607,False
26,YHR018C_YLR075W,0.09999999999999999,0.797971695234851,0.8619030650812417,False
27,YJL071W_YGR085C,0.19047619047619047,0.6514014957024814,0.8093508847181836,False
28,YMR062C_YGR085C,-0.35,0.35581957250178897,0.6812134673006426,False
29,YER069W_YGR085C,-0.049999999999999996,0.8983528043506301,0.891305845226682,False
30,YOL140W_YGR085C,-0.33333333333333337,0.3807131816768634,0.6812134673006426,False
31,YJR109C_YGR085C,-0.45,0.22421610749233659,0.6812134673006426,False
32,YOR303W_YGR085C,0.8833333333333333,0.0015905004234978686,0.016470625948085117,True
33,YJL088W_YGR085C,0.33333333333333337,0.3807131816768634,0.6812134673006426,False
34,YOL058W_YGR085C,-0.25,0.5164895523012263,0.796807764625607,False
35,YHR018C_YGR085C,0.09999999999999999,0.797971695234851,0.8619030650812417,False
36,YJL071W_YDR418W,0.19047619047619047,0.6514014957024814,0.8093508847181836,False
37,YMR062C_YDR418W,-0.45,0.22421610749233659,0.6812134673006426,False
38,YER069W_YDR418W,-0.13333333333333333,0.7323675052362975,0.8509535199340963,False
39,YOL140W_YDR418W,-0.39999999999999997,0.2861051019083129,0.6812134673006426,False
40,YJR109C_YDR418W,-0.5499999999999999,0.12497678418833198,0.6812134673006426,False
41,YOR303W_YDR418W,0.9166666666666666,0.0005066190663052084,0.009993061082870236,True
42,YJL088W_YDR418W,0.2833333333333333,0.46003032896571994,0.7683712218380055,False
43,YOL058W_YDR418W,-0.38333333333333336,0.30849527238037144,0.6812134673006426,False
44,YHR018C_YDR418W,-0.016666666666666666,0.9660548039946861,0.9178074568456397,False
45,YJL071W_YDL082W,-0.11904761904761904,0.7788857260523797,0.8619030650812417,False
46,YMR062C_YDL082W,-0.5166666666666667,0.1543901209862251,0.6812134673006426,False
47,YER069W_YDL082W,-0.3,0.4328453267094823,0.7629589593882353,False
48,YOL140W_YDL082W,-0.5333333333333333,0.13922686754397814,0.6812134673006426,False
49,YJR109C_YDL082W,-0.65,0.05807305801714863,0.5118151586628381,False
50,YOR303W_YDL082W,0.9333333333333332,0.00023589981215941676,0.009771559969173442,True
51,YJL088W_YDL082W,0.13333333333333333,0.7323675052362975,0.8509535199340963,False
52,YOL058W_YDL082W,-0.5,0.17047066078705375,0.6812134673006426,False
53,YHR018C_YDL082W,-0.16666666666666669,0.668231040071504,0.8093508847181836,False
54,YJL071W_YMR142C,0.19047619047619047,0.6514014957024814,0.8093508847181836,False
55,YMR062C_YMR142C,-0.35,0.35581957250178897,0.6812134673006426,False
56,YER069W_YMR142C,-0.049999999999999996,0.8983528043506301,0.891305845226682,False
57,YOL140W_YMR142C,-0.33333333333333337,0.3807131816768634,0.6812134673006426,False
58,YJR109C_YMR142C,-0.45,0.22421610749233659,0.6812134673006426,False
59,YOR303W_YMR142C,0.8833333333333333,0.0015905004234978686,0.016470625948085117,True
60,YJL088W_YMR142C,0.33333333333333337,0.3807131816768634,0.6812134673006426,False
61,YOL058W_YMR142C,-0.25,0.5164895523012263,0.796807764625607,False
62,YHR018C_YMR142C,0.09999999999999999,0.797971695234851,0.8619030650812417,False
63,YJL071W_YKL006W,0.19047619047619047,0.6514014957024814,0.8093508847181836,False
64,YMR062C_YKL006W,-0.35,0.35581957250178897,0.6812134673006426,False
65,YER069W_YKL006W,-0.049999999999999996,0.8983528043506301,0.891305845226682,False
66,YOL140W_YKL006W,-0.33333333333333337,0.3807131816768634,0.6812134673006426,False
67,YJR109C_YKL006W,-0.45,0.22421610749233659,0.6812134673006426,False
68,YOR303W_YKL006W,0.8833333333333333,0.0015905004234978686,0.016470625948085117,True
69,YJL088W_YKL006W,0.33333333333333337,0.3807131816768634,0.6812134673006426,False
70,YOL058W_YKL006W,-0.25,0.5164895523012263,0.796807764625607,False
71,YHR018C_YKL006W,0.09999999999999999,0.797971695234851,0.8619030650812417,False
72,YJL071W_YHL001W,0.11904761904761904,0.7788857260523797,0.8619030650812417,False
73,YMR062C_YHL001W,-0.5,0.17047066078705375,0.6812134673006426,False
74,YER069W_YHL001W,-0.2333333333333333,0.5456987782182727,0.8093508847181836,False
75,YOL140W_YHL001W,-0.4666666666666666,0.20538635110581185,0.6812134673006426,False
76,YJR109C_YHL001W,-0.5833333333333334,0.09918581647988323,0.6812134673006426,False
77,YOR303W_YHL001W,0.8833333333333333,0.0015905004234978686,0.016470625948085117,True
78,YJL088W_YHL001W,0.25,0.5164895523012263,0.796807764625607,False
79,YOL058W_YHL001W,-0.43333333333333335,0.2439524358800516,0.6812134673006426,False
80,YHR018C_YHL001W,-0.09999999999999999,0.797971695234851,0.8619030650812417,False
81,YJL071W_YLR029C,0.19047619047619047,0.6514014957024814,0.8093508847181836,False
82,YMR062C_YLR029C,-0.45,0.22421610749233659,0.6812134673006426,False
83,YER069W_YLR029C,-0.13333333333333333,0.7323675052362975,0.8509535199340963,False
84,YOL140W_YLR029C,-0.39999999999999997,0.2861051019083129,0.6812134673006426,False
85,YJR109C_YLR029C,-0.5499999999999999,0.12497678418833198,0.6812134673006426,False
86,YOR303W_YLR029C,0.9166666666666666,0.0005066190663052084,0.009993061082870236,True
87,YJL088W_YLR029C,0.2833333333333333,0.46003032896571994,0.7683712218380055,False
88,YOL058W_YLR029C,-0.38333333333333336,0.30849527238037144,0.6812134673006426,False
89,YHR018C_YLR029C,-0.016666666666666666,0.9660548039946861,0.9178074568456397,False
90,YJL071W_YMR121C,0.19047619047619047,0.6514014957024814,0.8093508847181836,False
91,YMR062C_YMR121C,-0.35,0.35581957250178897,0.6812134673006426,False
92,YER069W_YMR121C,-0.049999999999999996,0.8983528043506301,0.891305845226682,False
93,YOL140W_YMR121C,-0.33333333333333337,0.3807131816768634,0.6812134673006426,False
94,YJR109C_YMR121C,-0.45,0.22421610749233659,0.6812134673006426,False
95,YOR303W_YMR121C,0.8833333333333333,0.0015905004234978686,0.016470625948085117,True
96,YJL088W_YMR121C,0.33333333333333337,0.3807131816768634,0.6812134673006426,False
97,YOL058W_YMR121C,-0.25,0.5164895523012263,0.796807764625607,False
98,YHR018C_YMR121C,0.09999999999999999,0.797971695234851,0.8619030650812417,False
99,YJL071W_YIL133C,0.023809523809523808,0.9553740118158807,0.9178074568456397,False
100,YMR062C_YIL133C,-0.45,0.22421610749233659,0.6812134673006426,False
101,YER069W_YIL133C,-0.18333333333333335,0.6368198117628943,0.8093508847181836,False
102,YOL140W_YIL133C,-0.43333333333333335,0.2439524358800516,0.6812134673006426,False
103,YJR109C_YIL133C,-0.5333333333333333,0.13922686754397814,0.6812134673006426,False
104,YOR303W_YIL133C,0.8833333333333333,0.0015905004234978686,0.016470625948085117,True
105,YJL088W_YIL133C,0.2333333333333333,0.5456987782182727,0.8093508847181836,False
106,YOL058W_YIL133C,-0.33333333333333337,0.3807131816768634,0.6812134673006426,False
107,YHR018C_YIL133C,-0.06666666666666667,0.8646897846262037,0.891305845226682,False
108,YJL071W_YNL069C,0.09523809523809523,0.8225054302036114,0.8680313677097858,False
109,YMR062C_YNL069C,-0.5,0.17047066078705375,0.6812134673006426,False
110,YER069W_YNL069C,-0.16666666666666669,0.668231040071504,0.8093508847181836,False
111,YOL140W_YNL069C,-0.43333333333333335,0.2439524358800516,0.6812134673006426,False
112,YJR109C_YNL069C,-0.6,0.0876228290414024,0.6257856268909467,False
113,YOR303W_YNL069C,0.9500000000000001,8.762523965086177e-05,0.004032951654930913,True
114,YJL088W_YNL069C,0.21666666666666667,0.5755148957119259,0.8093508847181836,False
115,YOL058W_YNL069C,-0.41666666666666663,0.26458604674749614,0.6812134673006426,False
116,YHR018C_YNL069C,-0.09999999999999999,0.797971695234851,0.8619030650812417,False
117,YJL071W_YKL180W,0.19047619047619047,0.6514014957024814,0.8093508847181836,False
118,YMR062C_YKL180W,-0.45,0.22421610749233659,0.6812134673006426,False
119,YER069W_YKL180W,-0.13333333333333333,0.7323675052362975,0.8509535199340963,False
120,YOL140W_YKL180W,-0.39999999999999997,0.2861051019083129,0.6812134673006426,False
121,YJR109C_YKL180W,-0.5499999999999999,0.12497678418833198,0.6812134673006426,False
122,YOR303W_YKL180W,0.9166666666666666,0.0005066190663052084,0.009993061082870236,True
123,YJL088W_YKL180W,0.2833333333333333,0.46003032896571994,0.7683712218380055,False
124,YOL058W_YKL180W,-0.38333333333333336,0.30849527238037144,0.6812134673006426,False
125,YHR018C_YKL180W,-0.016666666666666666,0.9660548039946861,0.9178074568456397,False
126,YJL071W_YJL177W,0.09523809523809523,0.8225054302036114,0.8680313677097858,False
127,YMR062C_YJL177W,-0.5,0.17047066078705375,0.6812134673006426,False
128,YER069W_YJL177W,-0.16666666666666669,0.668231040071504,0.8093508847181836,False
129,YOL140W_YJL177W,-0.43333333333333335,0.2439524358800516,0.6812134673006426,False
130,YJR109C_YJL177W,-0.6,0.0876228290414024,0.6257856268909467,False
131,YOR303W_YJL177W,0.9500000000000001,8.762523965086177e-05,0.004032951654930913,True
132,YJL088W_YJL177W,0.21666666666666667,0.5755148957119259,0.8093508847181836,False
133,YOL058W_YJL177W,-0.41666666666666663,0.26458604674749614,0.6812134673006426,False
134,YHR018C_YJL177W,-0.09999999999999999,0.797971695234851,0.8619030650812417,False
135,YJL071W_YNL301C,0.19047619047619047,0.6514014957024814,0.8093508847181836,False
136,YMR062C_YNL301C,-0.45,0.22421610749233659,0.6812134673006426,False
137,YER069W_YNL301C,-0.13333333333333333,0.7323675052362975,0.8509535199340963,False
138,YOL140W_YNL301C,-0.39999999999999997,0.2861051019083129,0.6812134673006426,False
139,YJR109C_YNL301C,-0.5499999999999999,0.12497678418833198,0.6812134673006426,False
140,YOR303W_YNL301C,0.9166666666666666,0.0005066190663052084,0.009993061082870236,True
141,YJL088W_YNL301C,0.2833333333333333,0.46003032896571994,0.7683712218380055,False
142,YOL058W_YNL301C,-0.38333333333333336,0.30849527238037144,0.6812134673006426,False
143,YHR018C_YNL301C,-0.016666666666666666,0.9660548039946861,0.9178074568456397,False
144,YJL071W_YBL027W,0.19047619047619047,0.6514014957024814,0.8093508847181836,False
145,YMR062C_YBL027W,-0.45,0.22421610749233659,0.6812134673006426,False
146,YER069W_YBL027W,-0.13333333333333333,0.7323675052362975,0.8509535199340963,False
147,YOL140W_YBL027W,-0.39999999999999997,0.2861051019083129,0.6812134673006426,False
148,YJR109C_YBL027W,-0.5499999999999999,0.12497678418833198,0.6812134673006426,False
149,YOR303W_YBL027W,0.9166666666666666,0.0005066190663052084,0.009993061082870236,True
150,YJL088W_YBL027W,0.2833333333333333,0.46003032896571994,0.7683712218380055,False
151,YOL058W_YBL027W,-0.38333333333333336,0.30849527238037144,0.6812134673006426,False
152,YHR018C_YBL027W,-0.016666666666666666,0.9660548039946861,0.9178074568456397,False
153,YJL071W_YGL135W,0.2857142857142857,0.4927262450169573,0.796807764625607,False
154,YMR062C_YGL135W,-0.45,0.22421610749233659,0.6812134673006426,False
155,YER069W_YGL135W,-0.11666666666666665,0.7650079429261462,0.8619030650812417,False
156,YOL140W_YGL135W,-0.39999999999999997,0.2861051019083129,0.6812134673006426,False
157,YJR109C_YGL135W,-0.5333333333333333,0.13922686754397814,0.6812134673006426,False
158,YOR303W_YGL135W,0.7999999999999999,0.00962792472537983,0.08765114548066945,False
159,YJL088W_YGL135W,0.45,0.22421610749233659,0.6812134673006426,False
160,YOL058W_YGL135W,-0.31666666666666665,0.4063970144863861,0.7194008689129201,False
161,YHR018C_YGL135W,0.016666666666666666,0.9660548039946861,0.9178074568456397,False
162,YJL071W_YOR312C,0.19047619047619047,0.6514014957024814,0.8093508847181836,False
163,YMR062C_YOR312C,-0.45,0.22421610749233659,0.6812134673006426,False
164,YER069W_YOR312C,-0.13333333333333333,0.7323675052362975,0.8509535199340963,False
165,YOL140W_YOR312C,-0.39999999999999997,0.2861051019083129,0.6812134673006426,False
166,YJR109C_YOR312C,-0.5499999999999999,0.12497678418833198,0.6812134673006426,False
167,YOR303W_YOR312C,0.9166666666666666,0.0005066190663052084,0.009993061082870236,True
168,YJL088W_YOR312C,0.2833333333333333,0.46003032896571994,0.7683712218380055,False
169,YOL058W_YOR312C,-0.38333333333333336,0.30849527238037144,0.6812134673006426,False
170,YHR018C_YOR312C,-0.016666666666666666,0.9660548039946861,0.9178074568456397,False
171,YJL071W_YBR191W,0.19047619047619047,0.6514014957024814,0.8093508847181836,False
172,YMR062C_YBR191W,-0.35,0.35581957250178897,0.6812134673006426,False
173,YER069W_YBR191W,-0.049999999999999996,0.8983528043506301,0.891305845226682,False
174,YOL140W_YBR191W,-0.33333333333333337,0.3807131816768634,0.6812134673006426,False
175,YJR109C_YBR191W,-0.45,0.22421610749233659,0.6812134673006426,False
176,YOR303W_YBR191W,0.8833333333333333,0.0015905004234978686,0.016470625948085117,True
177,YJL088W_YBR191W,0.33333333333333337,0.3807131816768634,0.6812134673006426,False
178,YOL058W_YBR191W,-0.25,0.5164895523012263,0.796807764625607,False
179,YHR018C_YBR191W,0.09999999999999999,0.797971695234851,0.8619030650812417,False
180,YJL071W_YPL079W,0.16666666666666666,0.6932388117283951,0.8384141512064073,False
181,YMR062C_YPL079W,-0.48333333333333334,0.18746985521554207,0.6812134673006426,False
182,YER069W_YPL079W,-0.08333333333333334,0.831214097710308,0.868372407626866,False
183,YOL140W_YPL079W,-0.2833333333333333,0.46003032896571994,0.7683712218380055,False
184,YJR109C_YPL079W,-0.5499999999999999,0.12497678418833198,0.6812134673006426,False
185,YOR303W_YPL079W,0.9,0.0009430623223403293,0.016470625948085117,True
186,YJL088W_YPL079W,0.33333333333333337,0.3807131816768634,0.6812134673006426,False
187,YOL058W_YPL079W,-0.43333333333333335,0.2439524358800516,0.6812134673006426,False
188,YHR018C_YPL079W,-0.13333333333333333,0.7323675052362975,0.8509535199340963,False
189,YJL071W_YLR061W,0.09523809523809523,0.8225054302036114,0.8680313677097858,False
190,YMR062C_YLR061W,-0.5,0.17047066078705375,0.6812134673006426,False
191,YER069W_YLR061W,-0.16666666666666669,0.668231040071504,0.8093508847181836,False
192,YOL140W_YLR061W,-0.43333333333333335,0.2439524358800516,0.6812134673006426,False
193,YJR109C_YLR061W,-0.6,0.0876228290414024,0.6257856268909467,False
194,YOR303W_YLR061W,0.9500000000000001,8.762523965086177e-05,0.004032951654930913,True
195,YJL088W_YLR061W,0.21666666666666667,0.5755148957119259,0.8093508847181836,False
196,YOL058W_YLR061W,-0.41666666666666663,0.26458604674749614,0.6812134673006426,False
197,YHR018C_YLR061W,-0.09999999999999999,0.797971695234851,0.8619030650812417,False
198,YJL071W_YFL034C-A,0.5714285714285714,0.13895995716070672,0.6812134673006426,False
199,YMR062C_YFL034C-A,0.2833333333333333,0.46003032896571994,0.7683712218380055,False
200,YER069W_YFL034C-A,0.6,0.0876228290414024,0.6257856268909467,False
201,YOL140W_YFL034C-A,0.48333333333333334,0.18746985521554207,0.6812134673006426,False
202,YJR109C_YFL034C-A,0.26666666666666666,0.4879222748387009,0.796807764625607,False
203,YOR303W_YFL034C-A,0.016666666666666666,0.9660548039946861,0.9178074568456397,False
204,YJL088W_YFL034C-A,0.7,0.03576957497026169,0.3186376815496053,False
205,YOL058W_YFL034C-A,0.39999999999999997,0.2861051019083129,0.6812134673006426,False
206,YHR018C_YFL034C-A,0.5166666666666667,0.1543901209862251,0.6812134673006426,False
207,YJL071W_YER117W,0.09523809523809523,0.8225054302036114,0.8680313677097858,False
208,YMR062C_YER117W,-0.5,0.17047066078705375,0.6812134673006426,False
209,YER069W_YER117W,-0.16666666666666669,0.668231040071504,0.8093508847181836,False
210,YOL140W_YER117W,-0.43333333333333335,0.2439524358800516,0.6812134673006426,False
211,YJR109C_YER117W,-0.6,0.0876228290414024,0.6257856268909467,False
212,YOR303W_YER117W,0.9500000000000001,8.762523965086177e-05,0.004032951654930913,True
213,YJL088W_YER117W,0.21666666666666667,0.5755148957119259,0.8093508847181836,False
214,YOL058W_YER117W,-0.41666666666666663,0.26458604674749614,0.6812134673006426,False
215,YHR018C_YER117W,-0.09999999999999999,0.797971695234851,0.8619030650812417,False
216,YJL071W_YGL031C,0.19047619047619047,0.6514014957024814,0.8093508847181836,False
217,YMR062C_YGL031C,-0.35,0.35581957250178897,0.6812134673006426,False
218,YER069W_YGL031C,-0.049999999999999996,0.8983528043506301,0.891305845226682,False
219,YOL140W_YGL031C,-0.33333333333333337,0.3807131816768634,0.6812134673006426,False
220,YJR109C_YGL031C,-0.45,0.22421610749233659,0.6812134673006426,False
221,YOR303W_YGL031C,0.8833333333333333,0.0015905004234978686,0.016470625948085117,True
222,YJL088W_YGL031C,0.33333333333333337,0.3807131816768634,0.6812134673006426,False
223,YOL058W_YGL031C,-0.25,0.5164895523012263,0.796807764625607,False
224,YHR018C_YGL031C,0.09999999999999999,0.797971695234851,0.8619030650812417,False
225,YJL071W_YGR148C,0.09523809523809523,0.8225054302036114,0.8680313677097858,False
226,YMR062C_YGR148C,-0.5,0.17047066078705375,0.6812134673006426,False
227,YER069W_YGR148C,-0.16666666666666669,0.668231040071504,0.8093508847181836,False
228,YOL140W_YGR148C,-0.43333333333333335,0.2439524358800516,0.6812134673006426,False
229,YJR109C_YGR148C,-0.6,0.0876228290414024,0.6257856268909467,False
230,YOR303W_YGR148C,0.9500000000000001,8.762523965086177e-05,0.004032951654930913,True
231,YJL088W_YGR148C,0.21666666666666667,0.5755148957119259,0.8093508847181836,False
232,YOL058W_YGR148C,-0.41666666666666663,0.26458604674749614,0.6812134673006426,False
233,YHR018C_YGR148C,-0.09999999999999999,0.797971695234851,0.8619030650812417,False
234,YJL071W_YOL127W,0.19047619047619047,0.6514014957024814,0.8093508847181836,False
235,YMR062C_YOL127W,-0.45,0.22421610749233659,0.6812134673006426,False
236,YER069W_YOL127W,-0.13333333333333333,0.7323675052362975,0.8509535199340963,False
237,YOL140W_YOL127W,-0.39999999999999997,0.2861051019083129,0.6812134673006426,False
238,YJR109C_YOL127W,-0.5499999999999999,0.12497678418833198,0.6812134673006426,False
239,YOR303W_YOL127W,0.9166666666666666,0.0005066190663052084,0.009993061082870236,True
240,YJL088W_YOL127W,0.2833333333333333,0.46003032896571994,0.7683712218380055,False
241,YOL058W_YOL127W,-0.38333333333333336,0.30849527238037144,0.6812134673006426,False
242,YHR018C_YOL127W,-0.016666666666666666,0.9660548039946861,0.9178074568456397,False
243,YJL071W_YLR344W,0.30952380952380953,0.4556448907375822,0.7683712218380055,False
244,YMR062C_YLR344W,-0.16666666666666669,0.668231040071504,0.8093508847181836,False
245,YER069W_YLR344W,0.21666666666666667,0.5755148957119259,0.8093508847181836,False
246,YOL140W_YLR344W,-0.016666666666666666,0.9660548039946861,0.9178074568456397,False
247,YJR109C_YLR344W,-0.21666666666666667,0.5755148957119259,0.8093508847181836,False
248,YOR303W_YLR344W,0.7,0.03576957497026169,0.3186376815496053,False
249,YJL088W_YLR344W,0.6333333333333333,0.06708578689234565,0.5789293765725391,False
250,YOL058W_YLR344W,0.016666666666666666,0.9660548039946861,0.9178074568456397,False
251,YHR018C_YLR344W,0.21666666666666667,0.5755148957119259,0.8093508847181836,False
252,YJL071W_YGR034W,0.09523809523809523,0.8225054302036114,0.8680313677097858,False
253,YMR062C_YGR034W,-0.5,0.17047066078705375,0.6812134673006426,False
254,YER069W_YGR034W,-0.16666666666666669,0.668231040071504,0.8093508847181836,False
255,YOL140W_YGR034W,-0.43333333333333335,0.2439524358800516,0.6812134673006426,False
256,YJR109C_YGR034W,-0.6,0.0876228290414024,0.6257856268909467,False
257,YOR303W_YGR034W,0.9500000000000001,8.762523965086177e-05,0.004032951654930913,True
258,YJL088W_YGR034W,0.21666666666666667,0.5755148957119259,0.8093508847181836,False
259,YOL058W_YGR034W,-0.41666666666666663,0.26458604674749614,0.6812134673006426,False
260,YHR018C_YGR034W,-0.09999999999999999,0.797971695234851,0.8619030650812417,False
261,YJL071W_YHR010W,0.19047619047619047,0.6514014957024814,0.8093508847181836,False
262,YMR062C_YHR010W,-0.35,0.35581957250178897,0.6812134673006426,False
263,YER069W_YHR010W,-0.049999999999999996,0.8983528043506301,0.891305845226682,False
264,YOL140W_YHR010W,-0.33333333333333337,0.3807131816768634,0.6812134673006426,False
265,YJR109C_YHR010W,-0.45,0.22421610749233659,0.6812134673006426,False
266,YOR303W_YHR010W,0.8833333333333333,0.0015905004234978686,0.016470625948085117,True
267,YJL088W_YHR010W,0.33333333333333337,0.3807131816768634,0.6812134673006426,False
268,YOL058W_YHR010W,-0.25,0.5164895523012263,0.796807764625607,False
269,YHR018C_YHR010W,0.09999999999999999,0.797971695234851,0.8619030650812417,False
270,YJL071W_YGL103W,0.19047619047619047,0.6514014957024814,0.8093508847181836,False
271,YMR062C_YGL103W,-0.45,0.22421610749233659,0.6812134673006426,False
272,YER069W_YGL103W,-0.13333333333333333,0.7323675052362975,0.8509535199340963,False
273,YOL140W_YGL103W,-0.39999999999999997,0.2861051019083129,0.6812134673006426,False
274,YJR109C_YGL103W,-0.5499999999999999,0.12497678418833198,0.6812134673006426,False
275,YOR303W_YGL103W,0.9166666666666666,0.0005066190663052084,0.009993061082870236,True
276,YJL088W_YGL103W,0.2833333333333333,0.46003032896571994,0.7683712218380055,False
277,YOL058W_YGL103W,-0.38333333333333336,0.30849527238037144,0.6812134673006426,False
278,YHR018C_YGL103W,-0.016666666666666666,0.9660548039946861,0.9178074568456397,False
279,YJL071W_YFR032C-A,0.047619047619047616,0.9108491685195836,0.8993957016210359,False
280,YMR062C_YFR032C-A,-0.41666666666666663,0.26458604674749614,0.6812134673006426,False
281,YER069W_YFR032C-A,-0.16666666666666669,0.668231040071504,0.8093508847181836,False
282,YOL140W_YFR032C-A,-0.43333333333333335,0.2439524358800516,0.6812134673006426,False
283,YJR109C_YFR032C-A,-0.5666666666666667,0.11163298761149111,0.6812134673006426,False
284,YOR303W_YFR032C-A,0.9333333333333332,0.00023589981215941676,0.009771559969173442,True
285,YJL088W_YFR032C-A,0.2333333333333333,0.5456987782182727,0.8093508847181836,False
286,YOL058W_YFR032C-A,-0.41666666666666663,0.26458604674749614,0.6812134673006426,False
287,YHR018C_YFR032C-A,0.0,1.0,0.9489690721649485,False
288,YJL071W_YIL018W,0.09523809523809523,0.8225054302036114,0.8680313677097858,False
289,YMR062C_YIL018W,-0.5,0.17047066078705375,0.6812134673006426,False
290,YER069W_YIL018W,-0.16666666666666669,0.668231040071504,0.8093508847181836,False
291,YOL140W_YIL018W,-0.43333333333333335,0.2439524358800516,0.6812134673006426,False
292,YJR109C_YIL018W,-0.6,0.0876228290414024,0.6257856268909467,False
293,YOR303W_YIL018W,0.9500000000000001,8.762523965086177e-05,0.004032951654930913,True
294,YJL088W_YIL018W,0.21666666666666667,0.5755148957119259,0.8093508847181836,False
295,YOL058W_YIL018W,-0.41666666666666663,0.26458604674749614,0.6812134673006426,False
296,YHR018C_YIL018W,-0.09999999999999999,0.797971695234851,0.8619030650812417,False
297,YJL071W_YOR063W,0.09523809523809523,0.8225054302036114,0.8680313677097858,False
298,YMR062C_YOR063W,-0.5,0.17047066078705375,0.6812134673006426,False
299,YER069W_YOR063W,-0.16666666666666669,0.668231040071504,0.8093508847181836,False
300,YOL140W_YOR063W,-0.43333333333333335,0.2439524358800516,0.6812134673006426,False
301,YJR109C_YOR063W,-0.6,0.0876228290414024,0.6257856268909467,False
302,YOR303W_YOR063W,0.9500000000000001,8.762523965086177e-05,0.004032951654930913,True
303,YJL088W_YOR063W,0.21666666666666667,0.5755148957119259,0.8093508847181836,False
304,YOL058W_YOR063W,-0.41666666666666663,0.26458604674749614,0.6812134673006426,False
305,YHR018C_YOR063W,-0.09999999999999999,0.797971695234851,0.8619030650812417,False
306,YJL071W_YGL030W,0.09523809523809523,0.8225054302036114,0.8680313677097858,False
307,YMR062C_YGL030W,-0.5,0.17047066078705375,0.6812134673006426,False
308,YER069W_YGL030W,-0.16666666666666669,0.668231040071504,0.8093508847181836,False
309,YOL140W_YGL030W,-0.43333333333333335,0.2439524358800516,0.6812134673006426,False
310,YJR109C_YGL030W,-0.6,0.0876228290414024,0.6257856268909467,False
311,YOR303W_YGL030W,0.9500000000000001,8.762523965086177e-05,0.004032951654930913,True
312,YJL088W_YGL030W,0.21666666666666667,0.5755148957119259,0.8093508847181836,False
313,YOL058W_YGL030W,-0.41666666666666663,0.26458604674749614,0.6812134673006426,False
314,YHR018C_YGL030W,-0.09999999999999999,0.797971695234851,0.8619030650812417,False
315,YJL071W_YDL075W,0.09523809523809523,0.8225054302036114,0.8680313677097858,False
316,YMR062C_YDL075W,-0.5,0.17047066078705375,0.6812134673006426,False
317,YER069W_YDL075W,-0.16666666666666669,0.668231040071504,0.8093508847181836,False
318,YOL140W_YDL075W,-0.43333333333333335,0.2439524358800516,0.6812134673006426,False
319,YJR109C_YDL075W,-0.6,0.0876228290414024,0.6257856268909467,False
320,YOR303W_YDL075W,0.9500000000000001,8.762523965086177e-05,0.004032951654930913,True
321,YJL088W_YDL075W,0.21666666666666667,0.5755148957119259,0.8093508847181836,False
322,YOL058W_YDL075W,-0.41666666666666663,0.26458604674749614,0.6812134673006426,False
323,YHR018C_YDL075W,-0.09999999999999999,0.797971695234851,0.8619030650812417,False
324,YJL071W_YLR406C,0.19047619047619047,0.6514014957024814,0.8093508847181836,False
325,YMR062C_YLR406C,-0.35,0.35581957250178897,0.6812134673006426,False
326,YER069W_YLR406C,-0.049999999999999996,0.8983528043506301,0.891305845226682,False
327,YOL140W_YLR406C,-0.33333333333333337,0.3807131816768634,0.6812134673006426,False
328,YJR109C_YLR406C,-0.45,0.22421610749233659,0.6812134673006426,False
329,YOR303W_YLR406C,0.8833333333333333,0.0015905004234978686,0.016470625948085117,True
330,YJL088W_YLR406C,0.33333333333333337,0.3807131816768634,0.6812134673006426,False
331,YOL058W_YLR406C,-0.25,0.5164895523012263,0.796807764625607,False
332,YHR018C_YLR406C,0.09999999999999999,0.797971695234851,0.8619030650812417,False
333,YJL071W_YBL092W,0.19047619047619047,0.6514014957024814,0.8093508847181836,False
334,YMR062C_YBL092W,-0.18333333333333335,0.6368198117628943,0.8093508847181836,False
335,YER069W_YBL092W,0.16666666666666669,0.668231040071504,0.8093508847181836,False
336,YOL140W_YBL092W,-0.08333333333333334,0.831214097710308,0.868372407626866,False
337,YJR109C_YBL092W,-0.25,0.5164895523012263,0.796807764625607,False
338,YOR303W_YBL092W,0.7999999999999999,0.00962792472537983,0.08765114548066945,False
339,YJL088W_YBL092W,0.48333333333333334,0.18746985521554207,0.6812134673006426,False
340,YOL058W_YBL092W,-0.03333333333333333,0.9321567355405039,0.9160679093221002,False
341,YHR018C_YBL092W,0.21666666666666667,0.5755148957119259,0.8093508847181836,False
342,YJL071W_YPL143W,0.19047619047619047,0.6514014957024814,0.8093508847181836,False
343,YMR062C_YPL143W,-0.2333333333333333,0.5456987782182727,0.8093508847181836,False
344,YER069W_YPL143W,0.06666666666666667,0.8646897846262037,0.891305845226682,False
345,YOL140W_YPL143W,-0.19999999999999998,0.6059012741795533,0.8093508847181836,False
346,YJR109C_YPL143W,-0.33333333333333337,0.3807131816768634,0.6812134673006426,False
347,YOR303W_YPL143W,0.8666666666666667,0.0024953982859902053,0.024610865595578398,True
348,YJL088W_YPL143W,0.3666666666666667,0.33173980143301507,0.6812134673006426,False
349,YOL058W_YPL143W,-0.13333333333333333,0.7323675052362975,0.8509535199340963,False
350,YHR018C_YPL143W,0.18333333333333335,0.6368198117628943,0.8093508847181836,False
351,YJL071W_YER056C-A,0.19047619047619047,0.6514014957024814,0.8093508847181836,False
352,YMR062C_YER056C-A,-0.35,0.35581957250178897,0.6812134673006426,False
353,YER069W_YER056C-A,-0.049999999999999996,0.8983528043506301,0.891305845226682,False
354,YOL140W_YER056C-A,-0.33333333333333337,0.3807131816768634,0.6812134673006426,False
355,YJR109C_YER056C-A,-0.45,0.22421610749233659,0.6812134673006426,False
356,YOR303W_YER056C-A,0.8833333333333333,0.0015905004234978686,0.016470625948085117,True
357,YJL088W_YER056C-A,0.33333333333333337,0.3807131816768634,0.6812134673006426,False
358,YOL058W_YER056C-A,-0.25,0.5164895523012263,0.796807764625607,False
359,YHR018C_YER056C-A,0.09999999999999999,0.797971695234851,0.8619030650812417,False
360,YJL071W_YIL052C,0.19047619047619047,0.6514014957024814,0.8093508847181836,False
361,YMR062C_YIL052C,-0.18333333333333335,0.6368198117628943,0.8093508847181836,False
362,YER069W_YIL052C,0.16666666666666669,0.668231040071504,0.8093508847181836,False
363,YOL140W_YIL052C,-0.08333333333333334,0.831214097710308,0.868372407626866,False
364,YJR109C_YIL052C,-0.25,0.5164895523012263,0.796807764625607,False
365,YOR303W_YIL052C,0.7999999999999999,0.00962792472537983,0.08765114548066945,False
366,YJL088W_YIL052C,0.48333333333333334,0.18746985521554207,0.6812134673006426,False
367,YOL058W_YIL052C,-0.03333333333333333,0.9321567355405039,0.9160679093221002,False
368,YHR018C_YIL052C,0.21666666666666667,0.5755148957119259,0.8093508847181836,False
369,YJL071W_YDL136W,0.19047619047619047,0.6514014957024814,0.8093508847181836,False
370,YMR062C_YDL136W,-0.2333333333333333,0.5456987782182727,0.8093508847181836,False
371,YER069W_YDL136W,0.06666666666666667,0.8646897846262037,0.891305845226682,False
372,YOL140W_YDL136W,-0.19999999999999998,0.6059012741795533,0.8093508847181836,False
373,YJR109C_YDL136W,-0.33333333333333337,0.3807131816768634,0.6812134673006426,False
374,YOR303W_YDL136W,0.8666666666666667,0.0024953982859902053,0.024610865595578398,True
375,YJL088W_YDL136W,0.3666666666666667,0.33173980143301507,0.6812134673006426,False
376,YOL058W_YDL136W,-0.13333333333333333,0.7323675052362975,0.8509535199340963,False
377,YHR018C_YDL136W,0.18333333333333335,0.6368198117628943,0.8093508847181836,False
378,YJL071W_YMR194W,-0.047619047619047616,0.9108491685195836,0.8993957016210359,False
379,YMR062C_YMR194W,-0.4666666666666666,0.20538635110581185,0.6812134673006426,False
380,YER069W_YMR194W,-0.19999999999999998,0.6059012741795533,0.8093508847181836,False
381,YOL140W_YMR194W,-0.4666666666666666,0.20538635110581185,0.6812134673006426,False
382,YJR109C_YMR194W,-0.6166666666666666,0.07692880993776309,0.6257856268909467,False
383,YOR303W_YMR194W,0.9666666666666667,2.155031274835775e-05,0.004032951654930913,True
384,YJL088W_YMR194W,0.16666666666666669,0.668231040071504,0.8093508847181836,False
385,YOL058W_YMR194W,-0.45,0.22421610749233659,0.6812134673006426,False
386,YHR018C_YMR194W,-0.08333333333333334,0.831214097710308,0.868372407626866,False
387,YJL071W_YPL249C-A,0.19047619047619047,0.6514014957024814,0.8093508847181836,False
388,YMR062C_YPL249C-A,-0.45,0.22421610749233659,0.6812134673006426,False
389,YER069W_YPL249C-A,-0.13333333333333333,0.7323675052362975,0.8509535199340963,False
390,YOL140W_YPL249C-A,-0.39999999999999997,0.2861051019083129,0.6812134673006426,False
391,YJR109C_YPL249C-A,-0.5499999999999999,0.12497678418833198,0.6812134673006426,False
392,YOR303W_YPL249C-A,0.9166666666666666,0.0005066190663052084,0.009993061082870236,True
393,YJL088W_YPL249C-A,0.2833333333333333,0.46003032896571994,0.7683712218380055,False
394,YOL058W_YPL249C-A,-0.38333333333333336,0.30849527238037144,0.6812134673006426,False
395,YHR018C_YPL249C-A,-0.016666666666666666,0.9660548039946861,0.9178074568456397,False
396,YJL071W_YLR185W,0.19047619047619047,0.6514014957024814,0.8093508847181836,False
397,YMR062C_YLR185W,-0.45,0.22421610749233659,0.6812134673006426,False
398,YER069W_YLR185W,-0.13333333333333333,0.7323675052362975,0.8509535199340963,False
399,YOL140W_YLR185W,-0.39999999999999997,0.2861051019083129,0.6812134673006426,False
400,YJR109C_YLR185W,-0.5499999999999999,0.12497678418833198,0.6812134673006426,False
401,YOR303W_YLR185W,0.9166666666666666,0.0005066190663052084,0.009993061082870236,True
402,YJL088W_YLR185W,0.2833333333333333,0.46003032896571994,0.7683712218380055,False
403,YOL058W_YLR185W,-0.38333333333333336,0.30849527238037144,0.6812134673006426,False
404,YHR018C_YLR185W,-0.016666666666666666,0.9660548039946861,0.9178074568456397,False
405,YJL071W_YDR500C,0.09523809523809523,0.8225054302036114,0.8680313677097858,False
406,YMR062C_YDR500C,-0.5,0.17047066078705375,0.6812134673006426,False
407,YER069W_YDR500C,-0.16666666666666669,0.668231040071504,0.8093508847181836,False
408,YOL140W_YDR500C,-0.43333333333333335,0.2439524358800516,0.6812134673006426,False
409,YJR109C_YDR500C,-0.6,0.0876228290414024,0.6257856268909467,False
410,YOR303W_YDR500C,0.9500000000000001,8.762523965086177e-05,0.004032951654930913,True
411,YJL088W_YDR500C,0.21666666666666667,0.5755148957119259,0.8093508847181836,False
412,YOL058W_YDR500C,-0.41666666666666663,0.26458604674749614,0.6812134673006426,False
413,YHR018C_YDR500C,-0.09999999999999999,0.797971695234851,0.8619030650812417,False
414,YJL071W_YLR325C,0.09523809523809523,0.8225054302036114,0.8680313677097858,False
415,YMR062C_YLR325C,-0.5,0.17047066078705375,0.6812134673006426,False
416,YER069W_YLR325C,-0.16666666666666669,0.668231040071504,0.8093508847181836,False
417,YOL140W_YLR325C,-0.43333333333333335,0.2439524358800516,0.6812134673006426,False
418,YJR109C_YLR325C,-0.6,0.0876228290414024,0.6257856268909467,False
419,YOR303W_YLR325C,0.9500000000000001,8.762523965086177e-05,0.004032951654930913,True
420,YJL088W_YLR325C,0.21666666666666667,0.5755148957119259,0.8093508847181836,False
421,YOL058W_YLR325C,-0.41666666666666663,0.26458604674749614,0.6812134673006426,False
422,YHR018C_YLR325C,-0.09999999999999999,0.797971695234851,0.8619030650812417,False
423,YJL071W_YJL189W,0.09523809523809523,0.8225054302036114,0.8680313677097858,False
424,YMR062C_YJL189W,-0.5,0.17047066078705375,0.6812134673006426,False
425,YER069W_YJL189W,-0.16666666666666669,0.668231040071504,0.8093508847181836,False
426,YOL140W_YJL189W,-0.43333333333333335,0.2439524358800516,0.6812134673006426,False
427,YJR109C_YJL189W,-0.6,0.0876228290414024,0.6257856268909467,False
428,YOR303W_YJL189W,0.9500000000000001,8.762523965086177e-05,0.004032951654930913,True
429,YJL088W_YJL189W,0.21666666666666667,0.5755148957119259,0.8093508847181836,False
430,YOL058W_YJL189W,-0.41666666666666663,0.26458604674749614,0.6812134673006426,False
431,YHR018C_YJL189W,-0.09999999999999999,0.797971695234851,0.8619030650812417,False
432,YJL071W_YHR141C,0.19047619047619047,0.6514014957024814,0.8093508847181836,False
433,YMR062C_YHR141C,-0.45,0.22421610749233659,0.6812134673006426,False
434,YER069W_YHR141C,-0.13333333333333333,0.7323675052362975,0.8509535199340963,False
435,YOL140W_YHR141C,-0.39999999999999997,0.2861051019083129,0.6812134673006426,False
436,YJR109C_YHR141C,-0.5499999999999999,0.12497678418833198,0.6812134673006426,False
437,YOR303W_YHR141C,0.9166666666666666,0.0005066190663052084,0.009993061082870236,True
438,YJL088W_YHR141C,0.2833333333333333,0.46003032896571994,0.7683712218380055,False
439,YOL058W_YHR141C,-0.38333333333333336,0.30849527238037144,0.6812134673006426,False
440,YHR018C_YHR141C,-0.016666666666666666,0.9660548039946861,0.9178074568456397,False
441,YJL071W_YJR094W-A,0.19047619047619047,0.6514014957024814,0.8093508847181836,False
442,YMR062C_YJR094W-A,-0.45,0.22421610749233659,0.6812134673006426,False
443,YER069W_YJR094W-A,-0.13333333333333333,0.7323675052362975,0.8509535199340963,False
444,YOL140W_YJR094W-A,-0.39999999999999997,0.2861051019083129,0.6812134673006426,False
445,YJR109C_YJR094W-A,-0.5499999999999999,0.12497678418833198,0.6812134673006426,False
446,YOR303W_YJR094W-A,0.9166666666666666,0.0005066190663052084,0.009993061082870236,True
447,YJL088W_YJR094W-A,0.2833333333333333,0.46003032896571994,0.7683712218380055,False
448,YOL058W_YJR094W-A,-0.38333333333333336,0.30849527238037144,0.6812134673006426,False
449,YHR018C_YJR094W-A,-0.016666666666666666,0.9660548039946861,0.9178074568456397,False
450,YJL071W_YBR031W,0.19047619047619047,0.6514014957024814,0.8093508847181836,False
451,YMR062C_YBR031W,-0.45,0.22421610749233659,0.6812134673006426,False
452,YER069W_YBR031W,-0.13333333333333333,0.7323675052362975,0.8509535199340963,False
453,YOL140W_YBR031W,-0.39999999999999997,0.2861051019083129,0.6812134673006426,False
454,YJR109C_YBR031W,-0.5499999999999999,0.12497678418833198,0.6812134673006426,False
455,YOR303W_YBR031W,0.9166666666666666,0.0005066190663052084,0.009993061082870236,True
456,YJL088W_YBR031W,0.2833333333333333,0.46003032896571994,0.7683712218380055,False
457,YOL058W_YBR031W,-0.38333333333333336,0.30849527238037144,0.6812134673006426,False
458,YHR018C_YBR031W,-0.016666666666666666,0.9660548039946861,0.9178074568456397,False
459,YJL071W_YDR012W,0.09523809523809523,0.8225054302036114,0.8680313677097858,False
460,YMR062C_YDR012W,-0.5166666666666667,0.1543901209862251,0.6812134673006426,False
461,YER069W_YDR012W,-0.3,0.4328453267094823,0.7629589593882353,False
462,YOL140W_YDR012W,-0.5,0.17047066078705375,0.6812134673006426,False
463,YJR109C_YDR012W,-0.5833333333333334,0.09918581647988323,0.6812134673006426,False
464,YOR303W_YDR012W,0.8166666666666667,0.007224785246358786,0.06959736438774346,False
465,YJL088W_YDR012W,0.18333333333333335,0.6368198117628943,0.8093508847181836,False
466,YOL058W_YDR012W,-0.45,0.22421610749233659,0.6812134673006426,False
467,YHR018C_YDR012W,-0.08333333333333334,0.831214097710308,0.868372407626866,False
468,YJL071W_YPL131W,0.19047619047619047,0.6514014957024814,0.8093508847181836,False
469,YMR062C_YPL131W,-0.45,0.22421610749233659,0.6812134673006426,False
470,YER069W_YPL131W,-0.13333333333333333,0.7323675052362975,0.8509535199340963,False
471,YOL140W_YPL131W,-0.39999999999999997,0.2861051019083129,0.6812134673006426,False
472,YJR109C_YPL131W,-0.5499999999999999,0.12497678418833198,0.6812134673006426,False
473,YOR303W_YPL131W,0.9166666666666666,0.0005066190663052084,0.009993061082870236,True
474,YJL088W_YPL131W,0.2833333333333333,0.46003032896571994,0.7683712218380055,False
475,YOL058W_YPL131W,-0.38333333333333336,0.30849527238037144,0.6812134673006426,False
476,YHR018C_YPL131W,-0.016666666666666666,0.9660548039946861,0.9178074568456397,False
477,YJL071W_YML073C,0.09523809523809523,0.8225054302036114,0.8680313677097858,False
478,YMR062C_YML073C,-0.5,0.17047066078705375,0.6812134673006426,False
479,YER069W_YML073C,-0.16666666666666669,0.668231040071504,0.8093508847181836,False
480,YOL140W_YML073C,-0.43333333333333335,0.2439524358800516,0.6812134673006426,False
481,YJR109C_YML073C,-0.6,0.0876228290414024,0.6257856268909467,False
482,YOR303W_YML073C,0.9500000000000001,8.762523965086177e-05,0.004032951654930913,True
483,YJL088W_YML073C,0.21666666666666667,0.5755148957119259,0.8093508847181836,False
484,YOL058W_YML073C,-0.41666666666666663,0.26458604674749614,0.6812134673006426,False
485,YHR018C_YML073C,-0.09999999999999999,0.797971695234851,0.8619030650812417,False
486,YJL071W_YLR448W,0.19047619047619047,0.6514014957024814,0.8093508847181836,False
487,YMR062C_YLR448W,-0.45,0.22421610749233659,0.6812134673006426,False
488,YER069W_YLR448W,-0.13333333333333333,0.7323675052362975,0.8509535199340963,False
489,YOL140W_YLR448W,-0.39999999999999997,0.2861051019083129,0.6812134673006426,False
490,YJR109C_YLR448W,-0.5499999999999999,0.12497678418833198,0.6812134673006426,False
491,YOR303W_YLR448W,0.9166666666666666,0.0005066190663052084,0.009993061082870236,True
492,YJL088W_YLR448W,0.2833333333333333,0.46003032896571994,0.7683712218380055,False
493,YOL058W_YLR448W,-0.38333333333333336,0.30849527238037144,0.6812134673006426,False
494,YHR018C_YLR448W,-0.016666666666666666,0.9660548039946861,0.9178074568456397,False
495,YJL071W_YGL076C,0.19047619047619047,0.6514014957024814,0.8093508847181836,False
496,YMR062C_YGL076C,-0.35,0.35581957250178897,0.6812134673006426,False
497,YER069W_YGL076C,-0.049999999999999996,0.8983528043506301,0.891305845226682,False
498,YOL140W_YGL076C,-0.33333333333333337,0.3807131816768634,0.6812134673006426,False
499,YJR109C_YGL076C,-0.45,0.22421610749233659,0.6812134673006426,False
500,YOR303W_YGL076C,0.8833333333333333,0.0015905004234978686,0.016470625948085117,True
501,YJL088W_YGL076C,0.33333333333333337,0.3807131816768634,0.6812134673006426,False
502,YOL058W_YGL076C,-0.25,0.5164895523012263,0.796807764625607,False
503,YHR018C_YGL076C,0.09999999999999999,0.797971695234851,0.8619030650812417,False
504,YJL071W_YPL198W,0.35714285714285715,0.38512064355625636,0.6876146490391823,False
505,YMR062C_YPL198W,0.45,0.22421610749233659,0.6812134673006426,False
506,YER069W_YPL198W,0.3666666666666667,0.33173980143301507,0.6812134673006426,False
507,YOL140W_YPL198W,0.5,0.17047066078705375,0.6812134673006426,False
508,YJR109C_YPL198W,0.5499999999999999,0.12497678418833198,0.6812134673006426,False
509,YOR303W_YPL198W,-0.5833333333333334,0.09918581647988323,0.6812134673006426,False
510,YJL088W_YPL198W,0.45,0.22421610749233659,0.6812134673006426,False
511,YOL058W_YPL198W,0.5166666666666667,0.1543901209862251,0.6812134673006426,False
512,YHR018C_YPL198W,0.41666666666666663,0.26458604674749614,0.6812134673006426,False
513,YJL071W_YHL033C,0.2619047619047619,0.5309228615658013,0.8093508847181836,False
514,YMR062C_YHL033C,-0.5666666666666667,0.11163298761149111,0.6812134673006426,False
515,YER069W_YHL033C,-0.06666666666666667,0.8646897846262037,0.891305845226682,False
516,YOL140W_YHL033C,-0.2833333333333333,0.46003032896571994,0.7683712218380055,False
517,YJR109C_YHL033C,-0.5666666666666667,0.11163298761149111,0.6812134673006426,False
518,YOR303W_YHL033C,0.7999999999999999,0.00962792472537983,0.08765114548066945,False
519,YJL088W_YHL033C,0.48333333333333334,0.18746985521554207,0.6812134673006426,False
520,YOL058W_YHL033C,-0.3666666666666667,0.33173980143301507,0.6812134673006426,False
521,YHR018C_YHL033C,-0.19999999999999998,0.6059012741795533,0.8093508847181836,False
522,YJL071W_YLL045C,0.19047619047619047,0.6514014957024814,0.8093508847181836,False
523,YMR062C_YLL045C,-0.45,0.22421610749233659,0.6812134673006426,False
524,YER069W_YLL045C,-0.13333333333333333,0.7323675052362975,0.8509535199340963,False
525,YOL140W_YLL045C,-0.39999999999999997,0.2861051019083129,0.6812134673006426,False
526,YJR109C_YLL045C,-0.5499999999999999,0.12497678418833198,0.6812134673006426,False
527,YOR303W_YLL045C,0.9166666666666666,0.0005066190663052084,0.009993061082870236,True
528,YJL088W_YLL045C,0.2833333333333333,0.46003032896571994,0.7683712218380055,False
529,YOL058W_YLL045C,-0.38333333333333336,0.30849527238037144,0.6812134673006426,False
530,YHR018C_YLL045C,-0.016666666666666666,0.9660548039946861,0.9178074568456397,False
531,YJL071W_YGL147C,-0.047619047619047616,0.9108491685195836,0.8993957016210359,False
532,YMR062C_YGL147C,-0.4666666666666666,0.20538635110581185,0.6812134673006426,False
533,YER069W_YGL147C,-0.19999999999999998,0.6059012741795533,0.8093508847181836,False
534,YOL140W_YGL147C,-0.4666666666666666,0.20538635110581185,0.6812134673006426,False
535,YJR109C_YGL147C,-0.6166666666666666,0.07692880993776309,0.6257856268909467,False
536,YOR303W_YGL147C,0.9666666666666667,2.155031274835775e-05,0.004032951654930913,True
537,YJL088W_YGL147C,0.16666666666666669,0.668231040071504,0.8093508847181836,False
538,YOL058W_YGL147C,-0.45,0.22421610749233659,0.6812134673006426,False
539,YHR018C_YGL147C,-0.08333333333333334,0.831214097710308,0.868372407626866,False
540,YJL071W_YNL067W,0.19047619047619047,0.6514014957024814,0.8093508847181836,False
541,YMR062C_YNL067W,-0.35,0.35581957250178897,0.6812134673006426,False
542,YER069W_YNL067W,-0.049999999999999996,0.8983528043506301,0.891305845226682,False
543,YOL140W_YNL067W,-0.33333333333333337,0.3807131816768634,0.6812134673006426,False
544,YJR109C_YNL067W,-0.45,0.22421610749233659,0.6812134673006426,False
545,YOR303W_YNL067W,0.8833333333333333,0.0015905004234978686,0.016470625948085117,True
546,YJL088W_YNL067W,0.33333333333333337,0.3807131816768634,0.6812134673006426,False
547,YOL058W_YNL067W,-0.25,0.5164895523012263,0.796807764625607,False
548,YHR018C_YNL067W,0.09999999999999999,0.797971695234851,0.8619030650812417,False
549,YJL071W_YGR214W,0.047619047619047616,0.9108491685195836,0.8993957016210359,False
550,YMR062C_YGR214W,-0.39999999999999997,0.2861051019083129,0.6812134673006426,False
551,YER069W_YGR214W,-0.18333333333333335,0.6368198117628943,0.8093508847181836,False
552,YOL140W_YGR214W,-0.45,0.22421610749233659,0.6812134673006426,False
553,YJR109C_YGR214W,-0.5499999999999999,0.12497678418833198,0.6812134673006426,False
554,YOR303W_YGR214W,0.8833333333333333,0.0015905004234978686,0.016470625948085117,True
555,YJL088W_YGR214W,0.21666666666666667,0.5755148957119259,0.8093508847181836,False
556,YOL058W_YGR214W,-0.43333333333333335,0.2439524358800516,0.6812134673006426,False
557,YHR018C_YGR214W,0.016666666666666666,0.9660548039946861,0.9178074568456397,False
558,YJL071W_YLR048W,0.09523809523809523,0.8225054302036114,0.8680313677097858,False
559,YMR062C_YLR048W,-0.5,0.17047066078705375,0.6812134673006426,False
560,YER069W_YLR048W,-0.16666666666666669,0.668231040071504,0.8093508847181836,False
561,YOL140W_YLR048W,-0.43333333333333335,0.2439524358800516,0.6812134673006426,False
562,YJR109C_YLR048W,-0.6,0.0876228290414024,0.6257856268909467,False
563,YOR303W_YLR048W,0.9500000000000001,8.762523965086177e-05,0.004032951654930913,True
564,YJL088W_YLR048W,0.21666666666666667,0.5755148957119259,0.8093508847181836,False
565,YOL058W_YLR048W,-0.41666666666666663,0.26458604674749614,0.6812134673006426,False
566,YHR018C_YLR048W,-0.09999999999999999,0.797971695234851,0.8619030650812417,False
567,YJL071W_YBR048W,0.19047619047619047,0.6514014957024814,0.8093508847181836,False
568,YMR062C_YBR048W,-0.35,0.35581957250178897,0.6812134673006426,False
569,YER069W_YBR048W,-0.049999999999999996,0.8983528043506301,0.891305845226682,False
570,YOL140W_YBR048W,-0.33333333333333337,0.3807131816768634,0.6812134673006426,False
571,YJR109C_YBR048W,-0.45,0.22421610749233659,0.6812134673006426,False
572,YOR303W_YBR048W,0.8833333333333333,0.0015905004234978686,0.016470625948085117,True
573,YJL088W_YBR048W,0.33333333333333337,0.3807131816768634,0.6812134673006426,False
574,YOL058W_YBR048W,-0.25,0.5164895523012263,0.796807764625607,False
575,YHR018C_YBR048W,0.09999999999999999,0.797971695234851,0.8619030650812417,False
576,YJL071W_YOR369C,0.19047619047619047,0.6514014957024814,0.8093508847181836,False
577,YMR062C_YOR369C,-0.35,0.35581957250178897,0.6812134673006426,False
578,YER069W_YOR369C,-0.049999999999999996,0.8983528043506301,0.891305845226682,False
579,YOL140W_YOR369C,-0.33333333333333337,0.3807131816768634,0.6812134673006426,False
580,YJR109C_YOR369C,-0.45,0.22421610749233659,0.6812134673006426,False
581,YOR303W_YOR369C,0.8833333333333333,0.0015905004234978686,0.016470625948085117,True
582,YJL088W_YOR369C,0.33333333333333337,0.3807131816768634,0.6812134673006426,False
583,YOL058W_YOR369C,-0.25,0.5164895523012263,0.796807764625607,False
584,YHR018C_YOR369C,0.09999999999999999,0.797971695234851,0.8619030650812417,False
585,YJL071W_YDR064W,0.19047619047619047,0.6514014957024814,0.8093508847181836,False
586,YMR062C_YDR064W,-0.35,0.35581957250178897,0.6812134673006426,False
587,YER069W_YDR064W,-0.049999999999999996,0.8983528043506301,0.891305845226682,False
588,YOL140W_YDR064W,-0.33333333333333337,0.3807131816768634,0.6812134673006426,False
589,YJR109C_YDR064W,-0.45,0.22421610749233659,0.6812134673006426,False
590,YOR303W_YDR064W,0.8833333333333333,0.0015905004234978686,0.016470625948085117,True
591,YJL088W_YDR064W,0.33333333333333337,0.3807131816768634,0.6812134673006426,False
592,YOL058W_YDR064W,-0.25,0.5164895523012263,0.796807764625607,False
593,YHR018C_YDR064W,0.09999999999999999,0.797971695234851,0.8619030650812417,False
594,YJL071W_YOL040C,0.19047619047619047,0.6514014957024814,0.8093508847181836,False
595,YMR062C_YOL040C,-0.35,0.35581957250178897,0.6812134673006426,False
596,YER069W_YOL040C,-0.049999999999999996,0.8983528043506301,0.891305845226682,False
597,YOL140W_YOL040C,-0.33333333333333337,0.3807131816768634,0.6812134673006426,False
598,YJR109C_YOL040C,-0.45,0.22421610749233659,0.6812134673006426,False
599,YOR303W_YOL040C,0.8833333333333333,0.0015905004234978686,0.016470625948085117,True
600,YJL088W_YOL040C,0.33333333333333337,0.3807131816768634,0.6812134673006426,False
601,YOL058W_YOL040C,-0.25,0.5164895523012263,0.796807764625607,False
602,YHR018C_YOL040C,0.09999999999999999,0.797971695234851,0.8619030650812417,False
603,YJL071W_YDL083C,0.19047619047619047,0.6514014957024814,0.8093508847181836,False
604,YMR062C_YDL083C,-0.35,0.35581957250178897,0.6812134673006426,False
605,YER069W_YDL083C,-0.049999999999999996,0.8983528043506301,0.891305845226682,False
606,YOL140W_YDL083C,-0.33333333333333337,0.3807131816768634,0.6812134673006426,False
607,YJR109C_YDL083C,-0.45,0.22421610749233659,0.6812134673006426,False
608,YOR303W_YDL083C,0.8833333333333333,0.0015905004234978686,0.016470625948085117,True
609,YJL088W_YDL083C,0.33333333333333337,0.3807131816768634,0.6812134673006426,False
610,YOL058W_YDL083C,-0.25,0.5164895523012263,0.796807764625607,False
611,YHR018C_YDL083C,0.09999999999999999,0.797971695234851,0.8619030650812417,False
612,YJL071W_YML026C,0.19047619047619047,0.6514014957024814,0.8093508847181836,False
613,YMR062C_YML026C,-0.35,0.35581957250178897,0.6812134673006426,False
614,YER069W_YML026C,-0.049999999999999996,0.8983528043506301,0.891305845226682,False
615,YOL140W_YML026C,-0.33333333333333337,0.3807131816768634,0.6812134673006426,False
616,YJR109C_YML026C,-0.45,0.22421610749233659,0.6812134673006426,False
617,YOR303W_YML026C,0.8833333333333333,0.0015905004234978686,0.016470625948085117,True
618,YJL088W_YML026C,0.33333333333333337,0.3807131816768634,0.6812134673006426,False
619,YOL058W_YML026C,-0.25,0.5164895523012263,0.796807764625607,False
620,YHR018C_YML026C,0.09999999999999999,0.797971695234851,0.8619030650812417,False
621,YJL071W_YOL121C,0.19047619047619047,0.6514014957024814,0.8093508847181836,False
622,YMR062C_YOL121C,-0.35,0.35581957250178897,0.6812134673006426,False
623,YER069W_YOL121C,-0.049999999999999996,0.8983528043506301,0.891305845226682,False
624,YOL140W_YOL121C,-0.33333333333333337,0.3807131816768634,0.6812134673006426,False
625,YJR109C_YOL121C,-0.45,0.22421610749233659,0.6812134673006426,False
626,YOR303W_YOL121C,0.8833333333333333,0.0015905004234978686,0.016470625948085117,True
627,YJL088W_YOL121C,0.33333333333333337,0.3807131816768634,0.6812134673006426,False
628,YOL058W_YOL121C,-0.25,0.5164895523012263,0.796807764625607,False
629,YHR018C_YOL121C,0.09999999999999999,0.797971695234851,0.8619030650812417,False
630,YJL071W_YNL302C,0.19047619047619047,0.6514014957024814,0.8093508847181836,False
631,YMR062C_YNL302C,-0.35,0.35581957250178897,0.6812134673006426,False
632,YER069W_YNL302C,-0.049999999999999996,0.8983528043506301,0.891305845226682,False
633,YOL140W_YNL302C,-0.33333333333333337,0.3807131816768634,0.6812134673006426,False
634,YJR109C_YNL302C,-0.45,0.22421610749233659,0.6812134673006426,False
635,YOR303W_YNL302C,0.8833333333333333,0.0015905004234978686,0.016470625948085117,True
636,YJL088W_YNL302C,0.33333333333333337,0.3807131816768634,0.6812134673006426,False
637,YOL058W_YNL302C,-0.25,0.5164895523012263,0.796807764625607,False
638,YHR018C_YNL302C,0.09999999999999999,0.797971695234851,0.8619030650812417,False
639,YJL071W_YLR441C,0.19047619047619047,0.6514014957024814,0.8093508847181836,False
640,YMR062C_YLR441C,-0.35,0.35581957250178897,0.6812134673006426,False
641,YER069W_YLR441C,-0.049999999999999996,0.8983528043506301,0.891305845226682,False
642,YOL140W_YLR441C,-0.33333333333333337,0.3807131816768634,0.6812134673006426,False
643,YJR109C_YLR441C,-0.45,0.22421610749233659,0.6812134673006426,False
644,YOR303W_YLR441C,0.8833333333333333,0.0015905004234978686,0.016470625948085117,True
645,YJL088W_YLR441C,0.33333333333333337,0.3807131816768634,0.6812134673006426,False
646,YOL058W_YLR441C,-0.25,0.5164895523012263,0.796807764625607,False
647,YHR018C_YLR441C,0.09999999999999999,0.797971695234851,0.8619030650812417,False
648,YJL071W_YML063W,0.19047619047619047,0.6514014957024814,0.8093508847181836,False
649,YMR062C_YML063W,-0.35,0.35581957250178897,0.6812134673006426,False
650,YER069W_YML063W,-0.049999999999999996,0.8983528043506301,0.891305845226682,False
651,YOL140W_YML063W,-0.33333333333333337,0.3807131816768634,0.6812134673006426,False
652,YJR109C_YML063W,-0.45,0.22421610749233659,0.6812134673006426,False
653,YOR303W_YML063W,0.8833333333333333,0.0015905004234978686,0.016470625948085117,True
654,YJL088W_YML063W,0.33333333333333337,0.3807131816768634,0.6812134673006426,False
655,YOL058W_YML063W,-0.25,0.5164895523012263,0.796807764625607,False
656,YHR018C_YML063W,0.09999999999999999,0.797971695234851,0.8619030650812417,False
657,YJL071W_YGL123W,0.19047619047619047,0.6514014957024814,0.8093508847181836,False
658,YMR062C_YGL123W,-0.35,0.35581957250178897,0.6812134673006426,False
659,YER069W_YGL123W,-0.049999999999999996,0.8983528043506301,0.891305845226682,False
660,YOL140W_YGL123W,-0.33333333333333337,0.3807131816768634,0.6812134673006426,False
661,YJR109C_YGL123W,-0.45,0.22421610749233659,0.6812134673006426,False
662,YOR303W_YGL123W,0.8833333333333333,0.0015905004234978686,0.016470625948085117,True
663,YJL088W_YGL123W,0.33333333333333337,0.3807131816768634,0.6812134673006426,False
664,YOL058W_YGL123W,-0.25,0.5164895523012263,0.796807764625607,False
665,YHR018C_YGL123W,0.09999999999999999,0.797971695234851,0.8619030650812417,False
666,YJL071W_YHL015W,0.19047619047619047,0.6514014957024814,0.8093508847181836,False
667,YMR062C_YHL015W,-0.35,0.35581957250178897,0.6812134673006426,False
668,YER069W_YHL015W,-0.049999999999999996,0.8983528043506301,0.891305845226682,False
669,YOL140W_YHL015W,-0.33333333333333337,0.3807131816768634,0.6812134673006426,False
670,YJR109C_YHL015W,-0.45,0.22421610749233659,0.6812134673006426,False
671,YOR303W_YHL015W,0.8833333333333333,0.0015905004234978686,0.016470625948085117,True
672,YJL088W_YHL015W,0.33333333333333337,0.3807131816768634,0.6812134673006426,False
673,YOL058W_YHL015W,-0.25,0.5164895523012263,0.796807764625607,False
674,YHR018C_YHL015W,0.09999999999999999,0.797971695234851,0.8619030650812417,False
675,YJL071W_YJL136C,0.19047619047619047,0.6514014957024814,0.8093508847181836,False
676,YMR062C_YJL136C,-0.45,0.22421610749233659,0.6812134673006426,False
677,YER069W_YJL136C,-0.13333333333333333,0.7323675052362975,0.8509535199340963,False
678,YOL140W_YJL136C,-0.39999999999999997,0.2861051019083129,0.6812134673006426,False
679,YJR109C_YJL136C,-0.5499999999999999,0.12497678418833198,0.6812134673006426,False
680,YOR303W_YJL136C,0.9166666666666666,0.0005066190663052084,0.009993061082870236,True
681,YJL088W_YJL136C,0.2833333333333333,0.46003032896571994,0.7683712218380055,False
682,YOL058W_YJL136C,-0.38333333333333336,0.30849527238037144,0.6812134673006426,False
683,YHR018C_YJL136C,-0.016666666666666666,0.9660548039946861,0.9178074568456397,False
684,YJL071W_YLR367W,0.19047619047619047,0.6514014957024814,0.8093508847181836,False
685,YMR062C_YLR367W,-0.45,0.22421610749233659,0.6812134673006426,False
686,YER069W_YLR367W,-0.13333333333333333,0.7323675052362975,0.8509535199340963,False
687,YOL140W_YLR367W,-0.39999999999999997,0.2861051019083129,0.6812134673006426,False
688,YJR109C_YLR367W,-0.5499999999999999,0.12497678418833198,0.6812134673006426,False
689,YOR303W_YLR367W,0.9166666666666666,0.0005066190663052084,0.009993061082870236,True
690,YJL088W_YLR367W,0.2833333333333333,0.46003032896571994,0.7683712218380055,False
691,YOL058W_YLR367W,-0.38333333333333336,0.30849527238037144,0.6812134673006426,False
692,YHR018C_YLR367W,-0.016666666666666666,0.9660548039946861,0.9178074568456397,False
693,YJL071W_YPR132W,0.19047619047619047,0.6514014957024814,0.8093508847181836,False
694,YMR062C_YPR132W,-0.45,0.22421610749233659,0.6812134673006426,False
695,YER069W_YPR132W,-0.13333333333333333,0.7323675052362975,0.8509535199340963,False
696,YOL140W_YPR132W,-0.39999999999999997,0.2861051019083129,0.6812134673006426,False
697,YJR109C_YPR132W,-0.5499999999999999,0.12497678418833198,0.6812134673006426,False
698,YOR303W_YPR132W,0.9166666666666666,0.0005066190663052084,0.009993061082870236,True
699,YJL088W_YPR132W,0.2833333333333333,0.46003032896571994,0.7683712218380055,False
700,YOL058W_YPR132W,-0.38333333333333336,0.30849527238037144,0.6812134673006426,False
701,YHR018C_YPR132W,-0.016666666666666666,0.9660548039946861,0.9178074568456397,False
702,YJL071W_YIL069C,0.19047619047619047,0.6514014957024814,0.8093508847181836,False
703,YMR062C_YIL069C,-0.35,0.35581957250178897,0.6812134673006426,False
704,YER069W_YIL069C,-0.049999999999999996,0.8983528043506301,0.891305845226682,False
705,YOL140W_YIL069C,-0.33333333333333337,0.3807131816768634,0.6812134673006426,False
706,YJR109C_YIL069C,-0.45,0.22421610749233659,0.6812134673006426,False
707,YOR303W_YIL069C,0.8833333333333333,0.0015905004234978686,0.016470625948085117,True
708,YJL088W_YIL069C,0.33333333333333337,0.3807131816768634,0.6812134673006426,False
709,YOL058W_YIL069C,-0.25,0.5164895523012263,0.796807764625607,False
710,YHR018C_YIL069C,0.09999999999999999,0.797971695234851,0.8619030650812417,False
711,YJL071W_YGL189C,0.19047619047619047,0.6514014957024814,0.8093508847181836,False
712,YMR062C_YGL189C,-0.35,0.35581957250178897,0.6812134673006426,False
713,YER069W_YGL189C,-0.049999999999999996,0.8983528043506301,0.891305845226682,False
714,YOL140W_YGL189C,-0.33333333333333337,0.3807131816768634,0.6812134673006426,False
715,YJR109C_YGL189C,-0.45,0.22421610749233659,0.6812134673006426,False
716,YOR303W_YGL189C,0.8833333333333333,0.0015905004234978686,0.016470625948085117,True
717,YJL088W_YGL189C,0.33333333333333337,0.3807131816768634,0.6812134673006426,False
718,YOL058W_YGL189C,-0.25,0.5164895523012263,0.796807764625607,False
719,YHR018C_YGL189C,0.09999999999999999,0.797971695234851,0.8619030650812417,False
720,YJL071W_YER131W,0.19047619047619047,0.6514014957024814,0.8093508847181836,False
721,YMR062C_YER131W,-0.45,0.22421610749233659,0.6812134673006426,False
722,YER069W_YER131W,-0.13333333333333333,0.7323675052362975,0.8509535199340963,False
723,YOL140W_YER131W,-0.39999999999999997,0.2861051019083129,0.6812134673006426,False
724,YJR109C_YER131W,-0.5499999999999999,0.12497678418833198,0.6812134673006426,False
725,YOR303W_YER131W,0.9166666666666666,0.0005066190663052084,0.009993061082870236,True
726,YJL088W_YER131W,0.2833333333333333,0.46003032896571994,0.7683712218380055,False
727,YOL058W_YER131W,-0.38333333333333336,0.30849527238037144,0.6812134673006426,False
728,YHR018C_YER131W,-0.016666666666666666,0.9660548039946861,0.9178074568456397,False
729,YJL071W_YHR021C,0.19047619047619047,0.6514014957024814,0.8093508847181836,False
730,YMR062C_YHR021C,-0.18333333333333335,0.6368198117628943,0.8093508847181836,False
731,YER069W_YHR021C,0.16666666666666669,0.668231040071504,0.8093508847181836,False
732,YOL140W_YHR021C,-0.08333333333333334,0.831214097710308,0.868372407626866,False
733,YJR109C_YHR021C,-0.25,0.5164895523012263,0.796807764625607,False
734,YOR303W_YHR021C,0.7999999999999999,0.00962792472537983,0.08765114548066945,False
735,YJL088W_YHR021C,0.48333333333333334,0.18746985521554207,0.6812134673006426,False
736,YOL058W_YHR021C,-0.03333333333333333,0.9321567355405039,0.9160679093221002,False
737,YHR018C_YHR021C,0.21666666666666667,0.5755148957119259,0.8093508847181836,False
738,YJL071W_YOR167C,0.19047619047619047,0.6514014957024814,0.8093508847181836,False
739,YMR062C_YOR167C,-0.2333333333333333,0.5456987782182727,0.8093508847181836,False
740,YER069W_YOR167C,0.06666666666666667,0.8646897846262037,0.891305845226682,False
741,YOL140W_YOR167C,-0.19999999999999998,0.6059012741795533,0.8093508847181836,False
742,YJR109C_YOR167C,-0.33333333333333337,0.3807131816768634,0.6812134673006426,False
743,YOR303W_YOR167C,0.8666666666666667,0.0024953982859902053,0.024610865595578398,True
744,YJL088W_YOR167C,0.3666666666666667,0.33173980143301507,0.6812134673006426,False
745,YOL058W_YOR167C,-0.13333333333333333,0.7323675052362975,0.8509535199340963,False
746,YHR018C_YOR167C,0.18333333333333335,0.6368198117628943,0.8093508847181836,False
747,YJL071W_YLR388W,0.09523809523809523,0.8225054302036114,0.8680313677097858,False
748,YMR062C_YLR388W,-0.5,0.17047066078705375,0.6812134673006426,False
749,YER069W_YLR388W,-0.16666666666666669,0.668231040071504,0.8093508847181836,False
750,YOL140W_YLR388W,-0.43333333333333335,0.2439524358800516,0.6812134673006426,False
751,YJR109C_YLR388W,-0.6,0.0876228290414024,0.6257856268909467,False
752,YOR303W_YLR388W,0.9500000000000001,8.762523965086177e-05,0.004032951654930913,True
753,YJL088W_YLR388W,0.21666666666666667,0.5755148957119259,0.8093508847181836,False
754,YOL058W_YLR388W,-0.41666666666666663,0.26458604674749614,0.6812134673006426,False
755,YHR018C_YLR388W,-0.09999999999999999,0.797971695234851,0.8619030650812417,False
756,YJL071W_YDL061C,0.19047619047619047,0.6514014957024814,0.8093508847181836,False
757,YMR062C_YDL061C,-0.35,0.35581957250178897,0.6812134673006426,False
758,YER069W_YDL061C,-0.049999999999999996,0.8983528043506301,0.891305845226682,False
759,YOL140W_YDL061C,-0.33333333333333337,0.3807131816768634,0.6812134673006426,False
760,YJR109C_YDL061C,-0.45,0.22421610749233659,0.6812134673006426,False
761,YOR303W_YDL061C,0.8833333333333333,0.0015905004234978686,0.016470625948085117,True
762,YJL088W_YDL061C,0.33333333333333337,0.3807131816768634,0.6812134673006426,False
763,YOL058W_YDL061C,-0.25,0.5164895523012263,0.796807764625607,False
764,YHR018C_YDL061C,0.09999999999999999,0.797971695234851,0.8619030650812417,False
765,YJL071W_YNL178W,0.19047619047619047,0.6514014957024814,0.8093508847181836,False
766,YMR062C_YNL178W,-0.45,0.22421610749233659,0.6812134673006426,False
767,YER069W_YNL178W,-0.13333333333333333,0.7323675052362975,0.8509535199340963,False
768,YOL140W_YNL178W,-0.39999999999999997,0.2861051019083129,0.6812134673006426,False
769,YJR109C_YNL178W,-0.5499999999999999,0.12497678418833198,0.6812134673006426,False
770,YOR303W_YNL178W,0.9166666666666666,0.0005066190663052084,0.009993061082870236,True
771,YJL088W_YNL178W,0.2833333333333333,0.46003032896571994,0.7683712218380055,False
772,YOL058W_YNL178W,-0.38333333333333336,0.30849527238037144,0.6812134673006426,False
773,YHR018C_YNL178W,-0.016666666666666666,0.9660548039946861,0.9178074568456397,False
774,YJL071W_YOR182C,0.09523809523809523,0.8225054302036114,0.8680313677097858,False
775,YMR062C_YOR182C,-0.39999999999999997,0.2861051019083129,0.6812134673006426,False
776,YER069W_YOR182C,-0.08333333333333334,0.831214097710308,0.868372407626866,False
777,YOL140W_YOR182C,-0.3666666666666667,0.33173980143301507,0.6812134673006426,False
778,YJR109C_YOR182C,-0.5,0.17047066078705375,0.6812134673006426,False
779,YOR303W_YOR182C,0.9166666666666666,0.0005066190663052084,0.009993061082870236,True
780,YJL088W_YOR182C,0.26666666666666666,0.4879222748387009,0.796807764625607,False
781,YOL058W_YOR182C,-0.2833333333333333,0.46003032896571994,0.7683712218380055,False
782,YHR018C_YOR182C,0.016666666666666666,0.9660548039946861,0.9178074568456397,False
783,YJL071W_YLR167W,0.5,0.20703125,0.6812134673006426,False
784,YMR062C_YLR167W,0.19999999999999998,0.6059012741795533,0.8093508847181836,False
785,YER069W_YLR167W,0.41666666666666663,0.26458604674749614,0.6812134673006426,False
786,YOL140W_YLR167W,0.2333333333333333,0.5456987782182727,0.8093508847181836,False
787,YJR109C_YLR167W,0.16666666666666669,0.668231040071504,0.8093508847181836,False
788,YOR303W_YLR167W,0.41666666666666663,0.26458604674749614,0.6812134673006426,False
789,YJL088W_YLR167W,0.6333333333333333,0.06708578689234565,0.5789293765725391,False
790,YOL058W_YLR167W,0.31666666666666665,0.4063970144863861,0.7194008689129201,False
791,YHR018C_YLR167W,0.5666666666666667,0.11163298761149111,0.6812134673006426,False
792,YJL071W_YHR203C,0.19047619047619047,0.6514014957024814,0.8093508847181836,False
793,YMR062C_YHR203C,-0.35,0.35581957250178897,0.6812134673006426,False
794,YER069W_YHR203C,-0.049999999999999996,0.8983528043506301,0.891305845226682,False
795,YOL140W_YHR203C,-0.33333333333333337,0.3807131816768634,0.6812134673006426,False
796,YJR109C_YHR203C,-0.45,0.22421610749233659,0.6812134673006426,False
797,YOR303W_YHR203C,0.8833333333333333,0.0015905004234978686,0.016470625948085117,True
798,YJL088W_YHR203C,0.33333333333333337,0.3807131816768634,0.6812134673006426,False
799,YOL058W_YHR203C,-0.25,0.5164895523012263,0.796807764625607,False
800,YHR018C_YHR203C,0.09999999999999999,0.797971695234851,0.8619030650812417,False
801,YJL071W_YJR123W,0.19047619047619047,0.6514014957024814,0.8093508847181836,False
802,YMR062C_YJR123W,-0.35,0.35581957250178897,0.6812134673006426,False
803,YER069W_YJR123W,-0.049999999999999996,0.8983528043506301,0.891305845226682,False
804,YOL140W_YJR123W,-0.33333333333333337,0.3807131816768634,0.6812134673006426,False
805,YJR109C_YJR123W,-0.45,0.22421610749233659,0.6812134673006426,False
806,YOR303W_YJR123W,0.8833333333333333,0.0015905004234978686,0.016470625948085117,True
807,YJL088W_YJR123W,0.33333333333333337,0.3807131816768634,0.6812134673006426,False
808,YOL058W_YJR123W,-0.25,0.5164895523012263,0.796807764625607,False
809,YHR018C_YJR123W,0.09999999999999999,0.797971695234851,0.8619030650812417,False
810,YJL071W_YBR181C,0.19047619047619047,0.6514014957024814,0.8093508847181836,False
811,YMR062C_YBR181C,-0.35,0.35581957250178897,0.6812134673006426,False
812,YER069W_YBR181C,-0.049999999999999996,0.8983528043506301,0.891305845226682,False
813,YOL140W_YBR181C,-0.33333333333333337,0.3807131816768634,0.6812134673006426,False
814,YJR109C_YBR181C,-0.45,0.22421610749233659,0.6812134673006426,False
815,YOR303W_YBR181C,0.8833333333333333,0.0015905004234978686,0.016470625948085117,True
816,YJL088W_YBR181C,0.33333333333333337,0.3807131816768634,0.6812134673006426,False
817,YOL058W_YBR181C,-0.25,0.5164895523012263,0.796807764625607,False
818,YHR018C_YBR181C,0.09999999999999999,0.797971695234851,0.8619030650812417,False
819,YJL071W_YOR096W,0.19047619047619047,0.6514014957024814,0.8093508847181836,False
820,YMR062C_YOR096W,-0.35,0.35581957250178897,0.6812134673006426,False
821,YER069W_YOR096W,-0.049999999999999996,0.8983528043506301,0.891305845226682,False
822,YOL140W_YOR096W,-0.33333333333333337,0.3807131816768634,0.6812134673006426,False
823,YJR109C_YOR096W,-0.45,0.22421610749233659,0.6812134673006426,False
824,YOR303W_YOR096W,0.8833333333333333,0.0015905004234978686,0.016470625948085117,True
825,YJL088W_YOR096W,0.33333333333333337,0.3807131816768634,0.6812134673006426,False
826,YOL058W_YOR096W,-0.25,0.5164895523012263,0.796807764625607,False
827,YHR018C_YOR096W,0.09999999999999999,0.797971695234851,0.8619030650812417,False
828,YJL071W_YNL096C,0.19047619047619047,0.6514014957024814,0.8093508847181836,False
829,YMR062C_YNL096C,-0.2333333333333333,0.5456987782182727,0.8093508847181836,False
830,YER069W_YNL096C,0.06666666666666667,0.8646897846262037,0.891305845226682,False
831,YOL140W_YNL096C,-0.19999999999999998,0.6059012741795533,0.8093508847181836,False
832,YJR109C_YNL096C,-0.33333333333333337,0.3807131816768634,0.6812134673006426,False
833,YOR303W_YNL096C,0.8666666666666667,0.0024953982859902053,0.024610865595578398,True
834,YJL088W_YNL096C,0.3666666666666667,0.33173980143301507,0.6812134673006426,False
835,YOL058W_YNL096C,-0.13333333333333333,0.7323675052362975,0.8509535199340963,False
836,YHR018C_YNL096C,0.18333333333333335,0.6368198117628943,0.8093508847181836,False
837,YJL071W_YER102W,0.19047619047619047,0.6514014957024814,0.8093508847181836,False
838,YMR062C_YER102W,-0.35,0.35581957250178897,0.6812134673006426,False
839,YER069W_YER102W,-0.049999999999999996,0.8983528043506301,0.891305845226682,False
840,YOL140W_YER102W,-0.33333333333333337,0.3807131816768634,0.6812134673006426,False
841,YJR109C_YER102W,-0.45,0.22421610749233659,0.6812134673006426,False
842,YOR303W_YER102W,0.8833333333333333,0.0015905004234978686,0.016470625948085117,True
843,YJL088W_YER102W,0.33333333333333337,0.3807131816768634,0.6812134673006426,False
844,YOL058W_YER102W,-0.25,0.5164895523012263,0.796807764625607,False
845,YHR018C_YER102W,0.09999999999999999,0.797971695234851,0.8619030650812417,False
846,YJL071W_YPL081W,0.07142857142857142,0.8665262706759089,0.891305845226682,False
847,YMR062C_YPL081W,-0.5,0.17047066078705375,0.6812134673006426,False
848,YER069W_YPL081W,-0.16666666666666669,0.668231040071504,0.8093508847181836,False
849,YOL140W_YPL081W,-0.2333333333333333,0.5456987782182727,0.8093508847181836,False
850,YJR109C_YPL081W,-0.39999999999999997,0.2861051019083129,0.6812134673006426,False
851,YOR303W_YPL081W,0.48333333333333334,0.18746985521554207,0.6812134673006426,False
852,YJL088W_YPL081W,0.31666666666666665,0.4063970144863861,0.7194008689129201,False
853,YOL058W_YPL081W,-0.21666666666666667,0.5755148957119259,0.8093508847181836,False
854,YHR018C_YPL081W,-0.19999999999999998,0.6059012741795533,0.8093508847181836,False
855,YJL071W_YBR189W,0.19047619047619047,0.6514014957024814,0.8093508847181836,False
856,YMR062C_YBR189W,-0.35,0.35581957250178897,0.6812134673006426,False
857,YER069W_YBR189W,-0.049999999999999996,0.8983528043506301,0.891305845226682,False
858,YOL140W_YBR189W,-0.33333333333333337,0.3807131816768634,0.6812134673006426,False
859,YJR109C_YBR189W,-0.45,0.22421610749233659,0.6812134673006426,False
860,YOR303W_YBR189W,0.8833333333333333,0.0015905004234978686,0.016470625948085117,True
861,YJL088W_YBR189W,0.33333333333333337,0.3807131816768634,0.6812134673006426,False
862,YOL058W_YBR189W,-0.25,0.5164895523012263,0.796807764625607,False
863,YHR018C_YBR189W,0.09999999999999999,0.797971695234851,0.8619030650812417,False
864,YJL071W_YLR221C,0.5476190476190477,0.1600256425388966,0.6812134673006426,False
865,YMR062C_YLR221C,-0.16666666666666669,0.668231040071504,0.8093508847181836,False
866,YER069W_YLR221C,-0.049999999999999996,0.8983528043506301,0.891305845226682,False
867,YOL140W_YLR221C,-0.21666666666666667,0.5755148957119259,0.8093508847181836,False
868,YJR109C_YLR221C,-0.18333333333333335,0.6368198117628943,0.8093508847181836,False
869,YOR303W_YLR221C,0.3666666666666667,0.33173980143301507,0.6812134673006426,False
870,YJL088W_YLR221C,0.4666666666666666,0.20538635110581185,0.6812134673006426,False
871,YOL058W_YLR221C,-0.15,0.7000942309691419,0.8454709411754893,False
872,YHR018C_YLR221C,0.18333333333333335,0.6368198117628943,0.8093508847181836,False
